crop_growth_stage,weed_proximity,moisture_content_in_soil,ph_level_in_soil,water_level,nutrient_level
6,7,26,7.661327930144327,4.325694386870872,4.92509655438931
1,7,68,7.90273570481285,3.8589949291053838,5.0525915088856665
4,3,60,5.124522407414617,6.488378046636939,5.238559997551273
4,4,37,8.27532834022417,5.210285972453206,6.045122287179808
8,6,45,7.707442604941911,3.033998312764848,8.275044234948734
10,8,86,6.320615636431947,6.122472517388853,3.3392777991774074
4,1,73,7.53462073794932,7.477448497302932,3.7071626930975974
6,8,39,7.130425592569722,4.739662282828975,2.190331793659598
3,2,43,6.63077076554342,8.310550219604455,7.618138788738043
5,3,98,8.794697266909685,3.9456245166163786,5.536183434128888
8,6,37,6.0001742092215204,3.68432768000499,2.584372180031691
7,1,69,6.427182258627693,7.205327589028077,5.826270947402642
9,6,92,7.381998684547395,7.197600021778435,3.6586367205857506
9,9,14,7.640432746575474,4.611462501062792,2.3315057094828937
11,9,14,6.154818405922269,4.915983548172277,7.049638871087269
2,3,42,5.325891902903134,5.946563009065109,4.930926861398351
7,6,73,7.093541626736545,4.147838972005101,5.263293270294481
8,4,7,7.476578831068757,4.827580272678583,4.844039551693598
8,2,95,5.8446907849182415,5.279156790175406,3.5675196431740375
9,8,13,7.907980299857652,5.14483536259954,7.170378825512895
2,4,99,6.194497223194412,7.057606299738378,4.81039886786747
6,9,4,5.7575782304251595,7.585067479474163,5.674513804241373
10,6,17,5.700203478295778,5.621449631955216,5.888295093975541
9,6,6,6.588407374755139,3.674273798770787,5.365108779431261
10,2,41,5.9033577586499995,7.126907536241468,5.600382254766866
5,8,56,6.4369692498473565,6.426690202635918,5.449251088990003
4,3,30,7.849762137756873,6.30353754394058,5.866704974117352
1,2,54,6.194558287245307,1.0764861195993514,2.956865048787702
4,1,23,7.7825763571114335,5.36097190626067,3.751891291453985
6,2,24,5.968948825113425,7.281288298728207,5.625290274140066
1,1,37,5.9243592452462135,8.516745937309832,4.629774247336138
3,2,60,7.282961165209123,8.569589380705763,7.877950699264392
4,2,35,7.570124924877822,7.458420501225875,9.242059796579971
9,7,71,7.426065662658856,6.818259311554227,2.9030268188756114
2,9,7,5.96203003487594,3.384958984487856,3.709878827650759
4,9,89,8.02660476009255,5.8303921829140055,3.5582985764857433
4,4,77,6.895198964693547,9.358852569608707,5.378536965324829
4,3,18,6.558827362161134,4.1681845393297285,4.029255907386864
8,1,96,7.096635838573969,6.511651325862196,5.719819193329224
1,8,49,7.051126670764877,3.9337290523282706,4.391024394621458
2,5,38,7.109014061069585,2.006098021426394,4.357089696333367
10,7,1,6.0026609974767995,6.274129486966913,5.408330101816486
10,1,75,6.386540900507594,3.3870752788773015,0.8251780235963659
1,6,5,6.96593383984288,2.570996325956759,7.751974056181605
11,4,96,7.866525326274366,4.799458176208278,6.332291358704114
5,4,61,7.350437243942333,2.8889196588654316,7.289548130183585
8,5,11,8.618344933307423,4.000179034486175,3.2703754647085166
4,1,30,4.346498027130834,7.862405246035541,3.2800595473719234
3,7,98,6.889222285076716,3.0889052462372755,7.1899861347269205
8,6,14,6.905791913679732,6.217229654698389,4.494446908855984
3,4,20,8.496966163972004,4.226707536294605,2.358275183537502
1,1,42,7.787515692840144,5.767465893365239,3.0904225578694513
1,1,77,6.995215964587357,2.8769148138078346,2.3073506609250827
5,2,45,5.149948198118967,6.956259856816599,7.836604891582329
6,3,52,6.637281764914534,5.891470216134845,4.876778642173056
6,1,17,6.7585940880009865,6.353325518907948,2.50756971813924
7,3,38,7.485382755744722,4.3710142877296265,5.803814945050603
9,3,15,6.344338704466444,5.2443447039028825,5.727223575035607
5,7,37,6.024111170201554,5.831950813915214,3.7001856123390016
2,8,5,5.788391225476335,5.122771569747159,6.114020354218365
5,9,48,7.181293790111703,2.318139616404123,4.749476373258315
10,9,1,7.366683793798478,6.863277287050314,4.954713080915053
11,3,50,6.80519494681537,4.826038283007231,3.7662024990150584
11,5,38,8.343846643919058,8.153853643419225,3.6671874701239027
9,8,76,6.151414506361052,4.410020668718951,2.0821070182728225
2,8,45,6.594732874035209,5.70124259129296,7.5234103629126015
2,6,70,8.489727267311341,5.042464341965792,7.572188386408511
8,8,17,8.03861437765581,6.6483351062587435,2.9230900495907224
10,3,17,7.328599774774198,3.6605257653968257,5.376263903893613
10,5,11,8.673785601577318,4.2400050629026165,5.696791001585407
4,2,6,8.611254093671885,6.805090827544552,5.061532174336522
7,2,24,6.728165109388426,5.363958012246593,7.415792269222544
8,2,48,6.147675528626839,2.8203299563403346,9.788537497420252
3,8,68,7.230168834770848,8.993573787257914,8.430762332646577
1,1,39,7.75179781328406,7.805176662106172,2.7590125573719377
4,1,19,7.766041369117598,6.493870019758328,5.410553476005122
6,3,95,7.190457256846093,3.405903719679517,4.046707869807357
10,2,81,7.350554998283092,3.1921563541278646,4.19349924581687
11,5,32,6.688922090132396,5.4402571070773025,6.1236206709743115
5,7,43,8.094359950185671,5.615370715073277,2.895154499844179
5,1,48,7.504013638790312,6.8127084849282795,5.656638979953387
7,7,22,6.889879761115949,7.4063544273086235,4.490681164850658
5,7,98,6.82045905849527,0.5175889802672637,6.8605839289193655
5,3,56,8.611691844413466,5.630125937406636,7.1772854538663164
4,9,75,6.633953738505,3.546563214593001,7.5113716694103765
5,7,32,6.992122379558917,4.626121754647393,2.053319791209016
5,7,84,6.835118309768619,4.691537800273206,7.993346414751397
9,6,67,5.447199291324793,7.392241203880521,6.242206040436576
5,3,20,7.014814725826682,5.90572165283725,3.004543042697325
4,6,32,5.975182444043408,2.6749920011445485,6.664494701182533
11,1,20,7.517774789160887,9.477208558734555,2.9767905120830336
8,4,40,5.64227171276241,5.418203739957777,7.261190500872937
6,8,40,7.16608518690216,7.374427464700641,1.9938393144357174
6,1,62,7.9679100840640125,3.932477135079198,3.378130590022399
1,5,98,5.659087994826527,1.1250120958373042,6.437486934167737
2,2,45,7.878007095688357,2.506056993355691,6.027419986740499
6,4,55,6.9897927994431175,7.154421989513424,5.185421652402757
10,6,95,5.038779652364447,5.810144598454025,1.691722062351138
4,8,63,8.501878308507084,4.7443869944869475,6.7343489251871755
1,7,77,9.222548462883857,3.3152420468573403,6.0988609695031615
6,3,17,6.345633441882648,9.80999961486814,4.005219486704101
1,8,81,6.556480665379436,0.9309405711749656,5.5640228222991714
2,4,7,8.241445292478478,3.0003668614153556,6.240429070084498
3,5,69,6.424859892597103,3.900051098087075,5.56326964132247
5,8,46,5.776419302973602,3.5116307329197625,8.244039883290876
3,1,85,7.369747057034706,3.404947476061394,4.2241953942799295
1,1,31,7.298166875009394,7.684509056884333,4.184902910332991
4,2,77,6.803198509546879,0.7177191250026178,1.4237339670008122
3,9,54,8.059551474758315,6.980648994524808,7.375105905495072
11,4,34,6.689018826566836,3.9770667584456856,4.787062812703282
1,6,91,6.965514106590656,1.1551279253037352,5.1677114369124215
8,1,19,7.115849605940161,4.521965337299042,5.842644184829266
6,2,7,8.008026342379724,3.0537805853587403,4.491884915973835
10,2,3,6.9621117279427525,8.480558382992365,7.503986758236074
1,4,27,6.483486078607928,5.481786085659671,4.771995757547325
11,8,26,6.334581696306443,5.7225517249243545,5.097279205064769
3,4,14,5.882993910767167,4.818347267436938,5.698833129233845
11,8,64,6.9130306197146805,5.195445025043043,2.112544741837136
8,1,92,5.4839346842301,4.814296239755448,4.303310110098413
3,3,63,7.611211280388593,7.824140184087687,6.171765853261089
10,5,58,7.64347985281402,1.1608408347343389,7.626757817535608
3,5,38,7.327801841794371,7.532141106962679,3.4828708117876777
4,7,46,6.9216866013810305,4.779037089891729,3.8131780568778715
4,1,22,6.8404366605241655,3.5096892337722636,3.6333378540846315
3,2,70,7.287214503213274,3.7414717907119686,7.378868887225707
4,8,50,6.939057977519098,6.290151492451434,3.780433064559282
5,7,26,8.270140447327163,3.905672593653672,7.360248323714604
2,6,13,6.7758432486548505,8.30481449779716,6.078613015608363
3,6,53,6.740065491449239,3.2971403329698292,4.139509059642942
10,8,71,5.212567556670493,1.453216626079381,5.132020053842812
11,4,48,7.522704812773071,2.3567398625091225,6.112233696276876
2,7,74,7.633920588749408,8.068424294608352,0.8421160136270283
5,9,11,6.211813069875296,3.409660864191309,6.941433332053266
11,9,73,6.166706776947691,5.125148325309297,3.3993866972094264
7,3,91,7.706374018740452,3.2029026494264077,4.929613913947731
9,2,17,7.078170968878392,5.829130359749417,5.891809829798271
3,1,96,7.302225205046266,6.043797201235588,6.152223721372827
4,9,95,6.5777897614132295,3.2420294544937667,6.616535051888977
1,8,39,7.673946392646821,1.2751038944323336,2.900066036371608
1,8,49,7.456502700031812,4.195263447090994,5.41373194798107
7,1,61,7.53388358422272,8.967925615462331,2.7940012422498186
1,5,7,6.791466771621829,1.3469693911459513,6.850966817128779
7,9,71,7.1524165209400055,6.805129610473786,3.967508645536282
4,1,2,7.460349147439886,3.078260515459732,5.471842227682411
11,5,64,5.809128657888975,6.2642388465738,4.20825708141691
4,6,66,8.38577769621109,5.765902805717825,6.5813185323377414
9,8,22,7.613100182467504,6.0652201963560595,3.4136911295684413
9,3,47,8.466404983466315,4.601872135242933,1.8747134600741822
9,5,1,6.496823671645098,7.11005355944846,3.6444733426532006
3,8,87,7.415799679493954,5.427828220767985,6.230562965855396
4,6,37,7.589515338601085,5.1784957846863255,3.765005584682914
3,1,27,7.8302258656196395,4.46348277711319,-0.8359492421335659
1,5,21,5.339133203198903,3.28420932353746,5.235936829335968
9,5,85,7.317579182708306,2.1143077235742975,6.752960738160688
9,1,35,6.96493292600091,3.4763805874720353,6.599508962709311
4,3,62,6.069777594812147,5.021518781740396,5.562770964012385
9,6,31,7.418855122901817,5.967393288603089,3.910735464837174
11,6,28,6.431369982795258,4.770874810275879,4.575639181869628
3,4,74,6.112524314698266,5.887587477452938,6.34805687226565
9,1,73,6.574956373261721,4.958601184401505,6.503195679616336
5,1,53,7.596604504968122,3.951360711946374,5.729441049811678
4,2,85,6.139375112645546,7.148054248778148,4.713901814508353
1,3,24,6.003938262395863,2.2719719281283806,4.826933552307913
5,2,63,9.505985076181751,7.2802777359450515,3.075343564597705
4,1,49,7.144696869859871,5.689455336383409,6.669273828502054
7,2,60,5.936210208024679,2.3550700680934744,5.766347095493826
10,7,44,7.07060655099709,6.7370303280370925,5.407734723860946
9,4,43,6.571883810752623,2.702470848568059,6.123084590278857
1,5,14,6.842757418154996,4.007880106303002,2.4029523113150693
9,4,10,5.718400049046895,6.119563327786172,2.193546918319227
6,7,28,7.861824169754975,6.827885783784661,6.012308110035897
10,5,91,7.001593163575783,5.054246545237162,5.715882452510691
1,3,35,6.076334094359082,7.9499133704947464,6.68466184299897
10,4,71,6.810823998466533,7.705211477895594,5.239785155447807
7,7,42,5.279294573600653,2.351861569786113,4.899363323337583
6,4,38,8.131837339285727,5.331139707946186,6.375289305876169
4,4,7,6.677513699994516,6.542054446865832,5.258781338503115
2,9,59,7.635043651731471,3.862385164310214,6.1239189324454495
9,2,86,5.921094601948299,8.162958911425982,6.904746582034254
1,4,4,6.503258578860656,6.999743660870677,4.547345418081753
5,4,76,7.75296151019319,5.240706131143001,1.3097979581947277
10,2,12,5.598516580714512,7.594159724973158,2.8776930973344754
7,6,30,8.651355788075108,5.65881298246379,2.4836060327791
6,4,79,6.602369472225508,5.693573265442724,7.325966223950301
8,7,84,5.595734718464115,3.429780410699979,4.094961883842214
9,5,27,7.964869931337585,4.576456915304073,3.333433978907847
9,9,81,8.043696974565409,5.623798862246103,1.898878213225296
10,6,36,6.383458865231359,6.770607766409262,7.168981251537218
3,8,53,5.926329721469302,5.3859374592234825,7.2662741796833
9,2,18,7.09267501444095,3.3090932209278026,5.817685847698975
7,9,81,5.943599070172589,5.088897795067612,5.673477830727734
7,3,11,7.253063678537183,4.531911253149385,3.0395554278307637
10,1,61,7.706270421907862,6.032336798478234,6.653306908850363
2,1,74,7.301524236396587,6.426756922570758,5.722610835883047
7,5,26,7.069670328166702,3.159363208631759,6.853950379956518
9,3,27,6.073872081241282,5.5612264799992035,6.3658372028229
9,2,52,6.755062228655031,5.649805732095237,4.76851740634382
4,3,80,5.209381347507573,4.3839392745340255,4.789335042458746
3,3,28,6.100884376518727,6.203257118768288,7.458453482810691
4,4,5,6.233534467830724,10.028153855698386,3.9016196566571413
11,5,86,6.685427038729986,4.2867279973757455,5.065071994500081
7,8,54,5.650904369471617,2.246052867642685,3.5715450948774574
4,6,24,6.593278603600485,8.695854473056261,4.751091035284001
7,2,23,7.360174351140337,7.333626090128119,5.023038949463474
6,4,93,6.450116602887304,7.059798872091768,6.604939719070025
8,2,44,9.322990669273446,6.688044698080602,4.578812429014741
1,1,7,5.872543987944833,2.882665614240245,6.644197811918962
9,2,14,8.709274367047898,5.742985086641107,4.706708948147418
5,5,78,6.230106391427864,3.4220977660668774,5.115595863574586
11,1,18,8.11756353108311,5.157059827179849,1.0059120729674342
7,3,41,8.859111215629058,5.614369075759065,3.536291488931897
6,2,95,8.09481642055012,5.116361784085472,7.4264022330367245
9,4,69,5.331547330756143,3.6234460682122025,4.262937271796025
3,2,19,9.945248272087827,2.0377309616260484,4.690371334990604
4,5,3,7.513905232277098,5.871639603770608,6.2809431253802614
10,8,28,6.091781015929369,1.6348172569222457,3.5348638761448337
8,6,9,8.069599449285949,5.985851699117036,2.717270634763972
6,7,80,9.147295718712702,7.492510537907704,4.433960766819786
4,3,52,6.133833200944436,3.8793112462439554,6.451882751190164
5,6,88,5.410873264643126,6.257602520952893,1.6905515923754417
6,3,48,8.906799217466974,6.847532539688265,4.414605285389459
4,3,64,6.191124072107416,8.989842231798404,4.143291896439127
4,2,31,6.068354576386695,9.145997953611877,6.582006660827108
8,4,14,8.125135810272273,3.586442376167276,5.379760921725195
10,9,93,5.457628249907524,6.402227539271472,7.008309862903268
10,4,47,8.365209894489643,8.961891950052157,4.523982463460003
10,1,15,6.156006356133696,3.610064432769839,8.587652454352366
8,8,47,6.970146432936204,7.498428660862806,3.265428701715158
4,4,46,7.90487694185324,5.9929363072436725,8.046899696403912
11,9,98,7.179581241931904,7.283797599403993,4.886923702193651
3,3,5,6.8711040404897075,2.8989729820126042,3.637444449712649
4,5,11,7.353413137858491,3.988383307762544,7.9367078179719694
10,4,64,6.34914060308815,-0.6498290677521492,6.215238279172554
11,2,19,7.933710115048262,2.742943164454099,3.746816954502221
8,7,73,6.965586863511042,6.454327157712016,4.999086342089001
8,6,59,7.608400404967828,1.732728992868123,5.277296968241636
6,9,74,6.0137836813971965,4.704363938147287,3.6290618263222143
2,5,14,5.7129346392559714,5.09294714767203,7.621980270932546
3,4,13,7.358595528799357,1.2207504945744798,6.635725660113979
3,7,30,5.512982348442276,7.342394686132337,7.6129561493709055
9,6,79,7.696252039072582,3.486083718009585,2.9843979115378043
2,4,78,5.9947345580448195,6.356741068018536,5.821879805502543
6,8,10,5.771719822711411,3.995698298619776,3.611801297847297
9,9,47,6.9018900561880505,6.10156105721771,3.5655438092256375
5,9,61,6.981649865698899,2.481474510670724,4.83712511090291
1,4,77,7.0876337264378515,5.8880380450761525,2.5026977650228526
3,8,30,5.917036933464487,2.094376159093207,4.666726399229046
6,9,76,4.904812200717094,10.211379430125604,4.321018961889072
6,6,25,8.825931614279853,5.8602734380716175,4.195856181142475
1,8,60,5.400021677798535,2.1609858143925655,6.607211259807903
9,3,73,6.745071274099354,5.096770680418959,6.493345773745359
2,8,16,4.8918534156264775,1.949015278450985,5.100902671809852
2,9,55,6.814560281156997,3.9977633611504286,1.821017271742532
1,1,33,8.436955707342737,9.256801847923649,5.866007110296704
4,8,81,7.852066636914916,7.067267203916741,7.075206121999866
9,5,12,5.88935178016582,6.128573127238175,7.879084517663669
9,9,16,6.378372138296594,5.475228926675704,5.1379960731691705
5,5,26,6.54149371392219,7.861865277847395,4.786325009352569
5,5,22,5.778185756093265,7.1168355279932545,5.466742323795291
1,1,23,5.998065983654864,2.416739159297013,3.5121293354926473
10,5,82,7.896057248351086,3.281280611101207,6.6279385192907805
4,9,93,7.776018106859848,1.4513394087483458,8.32742464063695
8,1,92,7.246225324390453,8.51296603014789,7.698074657977363
4,1,73,6.637695492921493,5.7740723357335915,1.7667267458405336
3,5,92,6.1660066448627635,4.210982149902353,9.324398590339072
2,8,93,6.257542694006228,2.850277226243249,7.388860994898702
2,4,31,7.697880110578027,4.243246586149104,5.944481721672589
3,8,42,7.384186207909189,4.69136671476861,5.897484467579762
2,8,10,7.616995144056805,3.279796606196164,4.775756364039379
5,3,53,7.1506784757305235,4.807416782428232,8.252103397005127
3,3,44,7.8972513556452855,5.159654650536511,6.713794735096027
6,2,82,7.4185280883229465,7.055928448728505,4.343497742253173
6,8,51,8.014558122635043,5.737364782210308,5.359584391108566
6,1,17,7.054242395544042,7.4524605065677445,5.431950973844722
3,8,65,6.734441132393516,6.795787772749348,4.498687936004743
6,6,27,6.1003361662203925,7.28022893358998,6.8396232652243345
8,8,8,6.232037223338493,5.676240877771449,9.891587350810656
8,2,55,6.538935435963205,7.7386798474267415,7.41139551049795
7,2,83,6.811896326953039,2.864068190926559,6.841097355549203
2,3,59,5.845791276504431,2.738939236844672,6.421992945846942
7,5,76,7.856474404496797,4.389410636518067,6.787920327931982
8,2,58,6.879958407307152,6.6266386439581115,5.276100747989159
3,5,59,7.086727831881571,6.140323165868198,4.0709671911072585
4,6,77,8.03017396757243,6.347093184690909,2.1987730444557982
2,9,14,7.3269214343323235,6.757209062666792,4.405601521404657
10,3,73,6.664776422504277,5.042978660335304,5.475753635142132
6,2,19,6.968643857168287,6.576249584819075,5.841768950603982
10,7,18,6.663677407512803,6.53433890009533,0.9265794280424764
10,4,43,8.335377812897374,6.044940435566359,3.659282580719417
3,1,45,5.691199910883293,3.993204527175748,4.286283421297783
1,4,99,4.950586333149194,5.7916654603225775,2.2503195461524315
10,6,76,7.7039519745509155,6.8090646365786975,5.982216530868287
2,2,88,6.961589936867121,9.590585619700942,7.871699353341738
10,4,71,7.264230771571239,5.697507583631077,6.999773735226883
11,8,79,9.306925687010386,6.99899020819112,4.5498443628965415
1,2,47,6.725912919294236,5.783886366169529,7.647088461610446
7,2,55,8.85331025005826,5.253933434199807,3.018034495366291
1,8,51,7.696248393496672,4.835180730087805,8.965473323508615
11,5,44,7.2158778715874305,5.619504892566495,6.199911122854152
5,3,66,7.640985694614757,3.5913236882888837,4.368567561746331
9,1,79,6.015268994775504,4.382322937237928,4.769349753465799
5,4,7,7.175276145939037,4.047206694261833,3.0914586577668195
4,3,48,6.880903433564326,5.391038654128864,6.547141813362824
4,5,45,6.5320455678195035,4.63348501676558,5.832054924481188
9,1,10,7.04104712765699,4.4580235943252156,4.919269737797293
9,1,4,7.3947906528646685,6.18708101704774,1.9447666341030705
8,4,10,6.8773297655969765,4.141367084314029,4.884786992158953
1,9,35,8.001284241614407,0.9587648863568496,0.01981930529618392
4,4,95,5.338018354377174,5.707536578635965,4.9473949931306285
9,1,2,6.794513224676344,4.08357636036782,6.6710016737007365
8,5,39,5.797703589468958,1.2819201080147606,4.986925427587328
8,5,79,8.543330372888349,5.605313387214181,4.671885030993453
11,1,81,5.785063760150763,10.066704243950088,5.001658805455501
2,3,95,5.624515010577317,4.0126858670806795,2.032854752293945
9,6,51,5.771226264870968,2.4671955338261737,1.9039210916495675
5,6,14,4.78966021167559,3.2972890520408185,8.406848661746695
8,9,87,7.496771247727637,5.872335413616644,8.996690592713891
1,3,47,6.060713631946849,3.2982460542905976,4.069298290838645
5,8,88,7.495755150109057,3.3025390198959026,2.443847462704592
10,4,38,7.7198491592077465,4.761961720112459,3.6165242629112067
1,7,94,5.808229668746856,3.1646958921780577,4.530370015318962
11,2,91,6.712948990512586,5.518031604237981,6.268703559917139
7,1,83,6.817980879816303,5.7227514959356025,7.659251509484277
5,3,87,7.086187416488617,3.196006363134165,4.817326989568743
3,3,7,7.65054602090009,5.853802913009161,7.72129487842901
5,6,75,7.002815065638274,6.3582074615106805,8.000964290876906
7,6,44,8.29771613883524,5.706392996716676,7.267577075428781
4,2,2,6.175275701999782,7.3797612991821335,6.014200863878884
11,3,74,8.175500231676937,4.742960985684061,3.389664176036679
4,9,91,9.031814809628118,8.273812385165671,5.0981797660289905
8,8,49,10.312016948811706,5.413920131955597,3.0645932093305905
9,4,80,5.077253818307231,4.499403250086387,5.956210814296202
6,8,18,5.981348837117959,3.004939850482084,4.350994948867314
1,4,20,6.716996719212673,4.097804504175561,5.621132093870333
9,2,20,7.569946466440809,9.030359009894791,3.341594920587648
6,1,66,6.545962978954422,9.771689125714978,3.6586422080562793
5,2,28,6.751615061571495,6.754898852268747,4.369230022530185
8,1,36,7.585388705089086,3.321099715109765,5.885639689323355
11,9,10,5.7857337086369185,5.945059423137756,2.894871793971846
11,9,14,8.222359745172039,0.65176611452664,0.3242070954321177
5,6,54,7.365895125470111,6.3316859589740435,5.7368400619574915
2,4,71,7.020384051629989,5.13654075170754,3.824519946164604
4,4,89,7.189196440885012,4.459771135687711,9.598201194217651
4,2,11,5.975939564552763,5.644582416879486,6.251698426935427
10,1,44,7.509523316535362,5.300663594888906,4.010144814891837
3,7,6,5.246528399888712,3.6100867842359357,6.987978168249091
6,2,41,7.382121639107799,4.93301846780139,5.196483714519796
3,7,16,7.814748822551695,6.0571150359043155,5.817457763721421
4,6,15,5.861042428563375,4.901184441658708,4.245206448469711
6,8,86,7.0324310905516825,0.2539969057876892,3.6636177967816446
11,1,1,6.691701536665494,7.852554575439771,8.990021022410495
8,2,36,6.322781236359255,5.483400648116637,4.9192463229784025
3,5,98,8.081841566793713,5.185858584868237,4.333919841171373
8,6,15,6.513211340159055,-1.8796396642881232,2.2837383895850865
2,2,7,10.505473526873413,4.743072885362902,6.187036167218386
7,7,89,7.6056298962571764,8.079774790966317,7.801646867263812
11,6,4,8.21029300473572,3.4228745365145796,4.607877850352365
6,5,69,7.306537322454643,5.5728818125379265,4.962004644131588
1,5,96,6.092062173971578,5.018140755102573,5.341744532367106
1,5,28,5.978795661069782,7.012927066684549,4.4878885025023445
11,8,68,6.234309658060849,1.4602361851690477,5.218828454118824
4,3,35,7.358048908160585,6.727896969887443,8.57176678415751
11,3,42,5.6329792667856,6.693879978155623,6.527580297848629
2,7,14,7.704694743304979,4.486674591519134,4.461388586774037
11,6,18,6.720388282912712,2.480888199460795,5.593563638796402
10,4,41,7.742968753455468,6.48915611377061,4.459287032121054
10,1,75,7.185117814407751,2.4194355423517493,6.473504091723068
7,9,39,6.025790868702047,6.4047173996967155,7.314559814755748
7,9,43,7.090468140179337,4.3807567095251425,3.682391397287776
8,2,68,7.052443610463068,7.599916243886389,6.40505133777876
9,9,28,7.070550082526918,3.1828167017748132,3.233821261636656
9,8,61,6.010533405324541,3.5931368113301323,8.279371448177846
8,6,16,7.3558786733116355,4.430223550581739,5.448166360601481
1,8,35,6.519277638159479,1.7326736156931477,4.840531167976297
9,5,51,6.368349961165603,6.6132995154420255,6.059706700137493
7,1,45,6.316548415904575,5.467837867342888,6.098779228675111
9,8,85,8.285354610328742,4.053836723009085,4.3268994253581
10,3,53,8.377011738636458,6.049687425986212,7.395242017446433
9,4,26,7.544837766540885,4.399656576475531,4.925499816073868
4,6,76,7.118180568569059,6.521322947683979,6.070601047660374
7,5,45,7.315695734183856,0.8743059947309364,4.822253405006502
2,1,82,8.022884981167786,5.44090295466015,7.579187553716542
8,5,6,6.654994742691997,3.526464787043209,4.666857473226894
5,6,84,6.044759774526199,3.8996358824004274,6.4205311465762795
10,9,72,5.496632323732787,5.404702242204281,7.284932652544144
3,2,69,7.996377052162981,3.076776833174055,1.8864966756877743
1,5,96,7.625319397393751,7.599480618121131,2.8782417657074615
9,9,94,6.5984066620725095,4.500736037530265,5.38109267829134
3,1,92,5.669697651176545,7.27754828295173,2.1144092393835483
8,2,33,6.269389416496765,3.676191533660269,4.779023277773956
9,2,42,7.7912089639224025,8.416759832219725,6.448895450875148
5,9,83,7.185761948800707,6.571925114693329,6.154094739159648
5,5,30,6.6035034551903955,1.4565052465462571,5.959443260316
2,1,14,6.419567333882549,4.532496407189003,4.878235648995469
8,4,10,6.429756018115794,7.228846687239653,2.3123750547219775
7,1,55,7.304608512559699,9.973927011718839,6.514034784044195
10,8,9,7.478033438229544,7.039481811370319,5.360706619414636
5,1,26,5.187396527977634,1.494408180866572,4.206484777787017
2,9,34,7.774185710624362,5.757608800538396,1.501170497535123
6,2,18,4.37602426544543,3.646675969476151,7.007822821995563
10,3,48,6.909620857356915,4.613151938369837,4.330340512039004
8,9,17,8.072680771800108,5.835661664681327,5.762619794279797
2,6,50,7.29721689377148,3.2848819373694065,3.1337365928148317
4,9,63,6.781638183657688,4.089941585512301,5.586003386897753
6,3,72,6.2360143845084135,5.202341495086649,6.699163292834153
8,2,95,8.423947712186056,5.7569936726446596,5.557286125274701
4,4,81,5.564418570948029,5.567266477326666,8.018007233674657
7,6,87,6.940417487494863,2.6499085897344066,6.0224652117973845
7,1,38,6.885605018666733,3.6180155498373963,5.837556142841481
8,3,10,6.705738823380063,4.775132682860115,3.8244035074885083
10,6,47,5.604679618936283,6.0226402821036045,5.813077000034808
2,9,13,7.86105738994468,4.101097309634868,6.61791034345152
10,7,89,7.661923647414722,6.371188862774938,3.128839547633648
7,3,23,9.078177183172203,6.6367890601167865,2.763251236174993
1,8,57,7.393594240213397,6.053224527287304,4.197562739407806
4,8,79,4.441378826770376,6.1670714637616255,7.71920330228302
9,2,46,7.949400609775864,3.75588398806822,4.802681035638246
5,9,34,7.957879215214346,3.38978656816888,7.3710208943458415
2,5,63,6.742156297135033,5.299508598372444,5.6603435455793605
5,4,5,7.198742791276194,1.752055273254534,5.240183305848346
6,4,70,7.317966909117584,3.1209212429442537,3.625409319636357
1,3,77,7.810259212176292,6.933365945014071,3.1301288654623765
4,1,42,8.01649931169747,6.148190998270092,7.9041268888319625
11,5,13,5.950756746090903,3.322345390157161,4.49147801380599
2,7,1,6.279120543537184,4.650169543689902,5.900344664813188
5,5,70,7.727501656513944,6.1282356681753845,5.904497124308705
5,4,23,6.9691576047733745,6.733867653393953,3.7527477621915137
5,3,98,8.168047343419229,4.929996735914773,4.478017313014041
1,4,50,7.207239038131229,3.757217587231808,4.645418106508184
1,2,66,7.40444558752988,6.042148435064209,4.63850489842784
11,2,11,4.834503446742604,4.594991216238228,6.301295427960798
9,3,71,7.658520090213195,1.511313115687455,8.819254076160911
5,8,17,7.2893466901052655,4.4425908972729955,4.596745333031607
7,3,72,7.404452158338897,1.1894726124223811,2.3844793726478777
10,8,28,7.0404865492780315,6.302856558713572,8.06251461827403
4,1,39,8.582077101622668,5.350873503280638,5.09282386570602
4,2,85,7.070020664796879,5.393891829337035,1.3372581016477163
3,9,42,6.447725131659618,6.364313259813979,7.462316009070694
2,1,83,7.025098105633351,2.307428229519282,5.007501384735763
11,6,71,8.20365746752236,3.510879737719768,6.306449470724348
3,3,39,6.810126103584908,8.25370907385886,4.644519331816428
2,9,35,8.686110507963809,7.363311414982018,7.203478759789755
4,1,75,6.410982077417179,4.8165535739766385,5.076831030618278
5,5,41,7.077497283438181,4.903571392719423,4.635123573955247
11,1,41,7.639676148338167,5.815832517203247,3.7336294237569696
2,4,28,6.695380090747456,4.7370946951244814,6.77182209351636
2,9,95,6.544312054823454,3.5611467758915865,4.349599535468766
1,2,37,5.12332449258234,2.9116907703873913,8.672998290172751
8,7,99,8.498213270649831,7.0649470194872,3.9542110641853125
9,5,60,7.393241305992027,2.875701787729399,4.652965518665792
11,7,90,6.846087666924482,4.213339953573246,7.243147042677588
5,7,28,6.909282400729288,8.3202060244552,3.951417723343072
4,5,57,7.4310837261004306,5.474344463455526,5.957389359922296
6,8,59,7.724032842212287,5.869350435956876,5.8272929686716965
7,3,32,6.385223987506319,3.56447820572377,6.253805720503962
4,9,49,7.506830024205363,7.185261727991166,6.40517942080001
3,1,4,4.448716476996225,5.802882073708014,5.778006267666504
10,9,65,5.403729955132671,3.3174700195171587,5.811981694503568
9,7,38,7.84470660559091,7.076056700683148,6.4383318326042165
2,3,40,7.00681130335643,6.6434671186666465,3.0636682440001284
5,7,13,7.398908591234395,4.196345211121086,5.642295744894149
11,6,85,6.63024705066116,7.4847084992610515,5.358190396756246
1,4,76,5.926502093836877,2.0444747928980216,2.379228218997974
9,8,77,8.110637424524501,2.9655901094781534,7.517092875794126
4,9,92,5.855135802757593,7.083456352216664,6.056098289980397
10,4,48,7.0046112463933605,4.625108331370536,5.424923622554492
6,9,58,5.676243282581028,5.770128178390098,9.09802465529331
6,9,22,7.478113429625602,2.1108410939071454,8.224233172989173
2,5,13,7.981063507628477,3.1801513526202663,5.213642754858532
8,5,18,5.913269719628581,8.84525613638017,5.604701007809847
9,2,40,6.3638680410969934,6.389145773765202,4.411106629797505
7,1,32,6.092862587548276,1.5899463217743048,0.11762185215259535
5,8,30,7.190203065417037,1.3460594186107753,3.0043296702154545
8,7,56,6.217309734846173,0.46770301304473616,3.6279788219440627
4,3,66,7.466036227427346,2.245045834100197,3.3368991929810603
6,2,38,6.682295621069448,3.7738392012579847,6.058645534911242
4,1,1,5.6102579770108365,5.500204588049679,4.63793838885845
7,7,24,7.456351678626997,3.883614463320276,3.354177020930498
5,2,14,7.296201248485038,4.4226596193600685,6.178283185663457
8,7,9,5.480021731047327,2.4989976216451715,6.405789688126114
4,8,85,7.593202259746319,2.8098084340035783,3.4295055937795267
1,2,54,6.003386503189508,5.541107780756989,3.223998428894032
6,6,83,6.806621308599985,1.594989014406499,7.243270539100095
10,3,81,6.206909540180676,7.405293745870324,3.5016543319269395
4,1,14,7.7073113982380015,5.651037719159638,4.472379742420722
8,3,9,6.384818872365847,1.7260284994315946,1.7193805825323012
6,7,7,6.3735472793268935,5.0262983536431305,5.24363603182882
6,7,28,8.189900764429817,1.3228384203908217,3.238839047999207
9,4,38,7.638671192717584,6.338768162682635,4.967663362175766
1,6,36,8.113900454664895,0.061019635962036745,4.604699878672453
9,5,41,7.385923285642611,7.022988308757312,3.631382982124444
4,8,27,8.083523537430043,6.346698219868875,3.219680121068211
7,4,95,6.8454638654661695,4.962559303279687,0.6414156438973944
10,3,77,7.770834350861877,5.083266755708342,3.282088045813742
11,7,58,6.897936720135002,5.635384683506536,1.7687876315790159
4,2,46,7.962336399049118,4.711820032132776,6.518005148040624
3,6,81,6.8697641252131145,5.954550911834141,4.4495474694593335
8,2,59,8.503997663791395,5.068887742506163,5.929680566113445
1,4,24,6.39525184618202,5.111105354127693,10.856148089824206
4,2,73,8.770540082240272,4.156781105642314,2.6002238634413852
11,1,81,8.537785491786549,7.021612849705157,4.878961614435882
1,8,19,5.798304012119062,0.9955578791323134,5.916224138687118
4,4,75,7.582292447979959,4.763848500506455,5.395455515073552
7,7,16,5.450349075403524,6.857910737388654,3.8136981140506254
2,5,89,7.660253681155683,3.7144139827415303,4.094598347798166
10,5,65,5.320279480502828,2.5195814185172045,2.8136274962377685
3,4,4,6.287699055270964,1.4237815212165934,6.1062509093298605
10,6,91,7.128157438311733,0.693571134197569,5.043208727719982
5,5,21,7.30234938291359,4.058272706188507,5.418097177039995
10,5,48,6.054213549014285,0.9115687324500801,4.595602096835384
2,1,63,5.661628284444971,2.373403677367837,10.295972240981044
4,1,98,6.279189636540478,2.97843784766634,3.4971432277928747
3,6,25,6.137079525171716,5.075312569001436,4.006276187261976
5,1,83,7.743738101255918,5.078819246430112,4.018791026942798
10,7,41,6.544130461890068,6.165124304876864,3.0691270264552895
8,4,10,7.608504054081847,4.358222106855869,7.214597003409281
5,9,73,5.980327208783007,1.3007582465625607,5.308101639827788
10,7,72,7.499793321323727,3.1774057479865827,8.702754535531941
5,3,93,7.1247953663035615,6.390452698247311,4.101026398747618
2,2,42,9.686758592828093,3.1179446476796295,4.736654371758257
3,8,20,5.057522502269572,5.162494105089819,4.843340266129265
8,8,87,8.205054104838815,4.241147333611696,5.616911979134735
3,7,68,6.800124958148873,5.1466580505272175,3.745184694032895
4,8,79,7.453883443517042,5.755373517828025,7.225488012316534
10,6,67,7.224276993230698,2.929652065613275,5.431104441022095
11,9,88,7.370431080335169,2.9754349272264204,1.4032679494053513
8,9,25,6.331866748680626,4.271235908380819,8.153904142962574
11,2,85,4.8438633070168144,3.3864608720058267,7.483889176177035
7,5,36,6.824542089242275,8.535908610129841,8.194279279247223
7,7,47,7.204707915304507,4.178134773415127,2.295508876800915
3,5,33,7.226433791361294,3.9027767891837657,5.153032797626542
11,3,35,5.838126587049043,5.159599462559382,5.165774861640989
4,8,43,6.999898970121258,4.137480435446563,6.363045173054459
7,9,93,7.386442597904168,4.704150534780435,3.8893044869779194
1,6,38,8.529584694613588,4.771469126667299,3.336334183401225
11,8,83,8.400607278605978,6.345633654050687,5.70408702767258
9,7,56,8.099787268902357,8.05509663438161,3.976800886295833
1,4,36,8.202117266695582,6.311061577647704,3.5373232425614622
11,4,66,6.816922403680241,9.66977448486296,4.388987457620013
8,8,94,8.025399892359113,6.670606818204732,7.121584370038567
7,3,21,6.052796612398745,3.8289811694654374,2.6749417808298013
6,9,47,5.9848215539959835,5.681815150016441,3.641085709125133
10,2,99,7.3780941247072755,7.5952538265596345,5.139460186673422
7,4,92,6.918557036226611,3.4988486488333614,5.051823012788242
6,3,63,9.002424303448777,4.972153012926592,5.010776838799913
3,2,63,5.652453386444186,5.911558550648785,3.337336616264438
8,8,79,7.397870215627599,4.422281068406006,4.459805481351614
2,9,31,6.536351289348163,3.2152449431021464,5.935596745469326
10,8,92,8.066341294698452,7.320281129434266,4.827124065311823
3,6,52,6.396313357787955,3.6229993303382138,0.7465557004429009
3,8,5,7.010870294687737,1.5765747018616034,5.631229186829896
6,8,69,6.911308162034073,8.902007754683009,4.252219393202862
7,2,7,7.292805213201632,5.395582582147164,6.098846871866993
5,6,42,9.299493181453544,1.6428119608955716,8.99654438793602
3,7,4,6.5605368474305745,5.960758658648121,5.069128407145672
3,6,40,8.138236992539428,6.001400625601664,3.9236433583504473
2,9,28,6.089152521357828,4.2067723108499315,7.1764721376561
1,9,14,7.255412299233927,5.247923295435919,4.173199554056148
10,2,45,6.521710435550185,5.530832032384077,4.518181631688871
1,6,1,7.341484157038876,4.4666969540201915,4.8349517862497855
3,3,75,6.212258963433601,6.108685025372393,1.3622573314793436
9,6,94,8.106517741547776,7.076150072064422,1.9187937999032245
4,2,79,6.967475505100606,1.7991865898862578,4.981693450431888
11,9,1,6.6902830734838945,6.059658600909161,5.817282683235918
1,2,1,7.538220712350819,3.513267064152198,0.9439383728021618
11,8,97,7.289232196123082,5.6185799969917065,2.4199659206349273
9,9,12,7.292424204245738,5.18660988730246,2.7684129689145967
9,6,30,8.556250407200148,6.1450128133238,2.4049421881886253
2,1,6,7.817561710247307,2.0560803331293185,6.5736913711771034
1,2,70,4.993023086462774,5.701176987793609,4.7933460523162745
6,6,58,7.375117533105117,1.9172236977880628,5.657434234418605
9,2,31,6.571651581461876,4.946140460547762,5.945356390841635
3,5,19,7.947237222169255,2.370397907212912,4.2447519809058765
4,9,17,5.6732880048315035,5.651052010396538,7.817209120124464
6,3,82,8.125203656900304,5.575916524651733,6.7925132334327
4,9,76,4.735931684342184,4.678505679260711,5.374025755208546
9,4,10,9.280995538352375,5.554714410667778,3.002337180832009
7,4,10,7.064810441801591,1.1889486544102201,1.7065449938158204
5,8,91,5.366369053245073,3.662031514623805,4.663999292007365
7,5,77,5.460374679261168,1.6658756313058256,5.843382677926495
4,9,65,8.062575359131136,7.903522504617748,2.6318283309341215
7,4,29,6.252793650305358,6.004162808372444,7.413022127060325
3,4,78,6.647942615264528,3.7381013131725,5.646430793010594
7,2,88,6.059882735439739,6.625367064055631,6.283100446517198
6,8,59,6.55339982937029,4.346946649170039,4.662367152620776
6,6,49,9.406164569632748,3.493104902162098,0.724301568366605
10,6,28,6.0295763157269695,7.240625261719999,6.673489231042067
5,8,26,7.535909468111132,7.649166974648621,7.415794417887385
7,8,85,8.63089481881555,6.706836528023932,4.602418596399246
6,4,77,6.488110673757767,5.81982963941395,5.663376833242509
2,3,25,6.493137571188351,4.202913818636251,3.564474643431712
4,2,6,8.434212552970349,1.7087486780995693,5.582715728252564
4,3,35,6.905674745625268,7.174068480739014,4.684047682330484
11,6,77,8.011093610267338,3.5297826411331537,3.9769826203992786
9,9,60,8.120360239795808,3.828773013371486,11.558307852258213
10,9,44,7.909505870312921,7.944183849299518,3.6771072678080947
6,9,80,8.078216674323164,4.675580189133336,8.251789151167486
6,3,60,7.006939240091913,6.70907442318482,2.906086697068492
7,3,22,5.878511535403277,4.999519935627282,4.0718690563750854
1,9,13,7.363984001095825,3.2895496809998837,7.929478141098422
10,5,99,6.352860682016434,6.45725445839206,6.543669251345884
8,2,6,6.944523442192544,3.2406749362544316,1.3163071195014764
6,2,21,7.92238898022554,7.079233680278447,3.203118876811227
2,1,32,5.8118961993158,7.910187842358059,3.956060250876746
6,3,99,7.711167769400748,5.476945174691725,4.83605835016645
7,2,24,6.475671437261421,5.4692568769573136,5.088622054607167
11,8,20,7.649385153923823,3.2374948130655046,5.146783401112251
11,1,86,5.3701583777079716,3.5523922731230364,7.821978428581829
7,3,48,7.49272664421688,3.5759748634946207,4.983027582582356
9,4,7,7.489809506309847,5.646868006298636,6.035421776198347
8,5,69,7.585440466179896,5.43803832986116,3.585131265609615
6,4,74,8.54603782594217,4.665491111681821,6.4686399031219235
11,1,25,6.391313678817243,2.7104492461110863,7.31440638588437
4,1,48,7.694255092420161,6.074158603589509,3.7830231573084174
11,7,33,7.783058115161839,3.0561243593140537,4.696389794547282
3,5,75,6.7938891240770465,6.1460362222921665,6.000034743836349
10,4,91,5.895320353642181,2.5533190980624774,3.508972723418802
10,4,92,6.553708749068342,6.190805651963487,4.179249009376822
4,2,17,6.858044400717914,9.239909034016797,5.769463759598356
3,1,99,6.932232371657993,4.777303158853921,9.611520016855724
6,8,23,6.122716091488987,1.7890484821865456,6.09408849673585
11,9,29,7.42365155906365,7.654561916727802,7.210362990131232
5,7,29,4.42296113551679,3.0891827160578558,-0.7056230961947829
2,3,79,6.242057008880203,4.789745743873256,3.7895898132978143
6,9,90,7.502889627172282,6.874325244687714,5.669123570248054
9,9,6,7.582120708266966,5.168480819322998,4.82709123451076
4,7,67,5.344943425237592,3.6747776784058743,4.501356605405493
6,5,36,9.091746829535925,9.64859458567151,6.245026774671844
9,2,76,6.762909528295426,8.42229345512535,8.114299486033165
5,9,52,8.205041563999588,7.334098865940856,6.33650008472162
11,6,78,6.933372313611817,7.344141189632518,6.447896128663789
2,5,57,5.161806415126291,2.0856305243597038,6.7320200417541525
8,4,96,8.061002530994433,6.350240970094017,6.115613230909013
9,6,95,5.1458594248043354,4.46805707506266,4.584909170866624
2,8,6,10.285054415245048,3.5616180476415455,5.275095700597688
3,7,30,7.10535439570947,3.443295834740725,2.7763228934396618
2,7,92,6.29771896183312,6.682478812723057,6.946037091207387
2,4,54,6.701497146457804,6.456510703736913,4.760961631193695
8,4,66,5.833577839789269,8.972568258809964,2.482029926221223
6,3,62,7.3471718591743125,5.31783678393969,8.121320158784776
1,8,27,6.958626226562453,2.6842236913018938,4.45204542613885
5,4,29,5.831472439497038,3.579565127881131,3.946812571502178
2,6,40,8.988984267848128,5.772819144394815,0.019293067453243218
2,9,98,6.085361973953047,9.387480057960467,5.383425816872639
7,4,48,8.358310026875175,4.938573236496853,5.246299603499036
7,9,33,6.964996482353539,6.972663398378174,6.136549396229075
1,6,5,5.947616845372048,5.381245533204947,6.486604386985721
3,1,55,5.25797856595071,4.4873051304558125,8.217552696555877
4,8,1,7.0725821694075774,2.3046010073378147,3.715105623394271
8,1,12,5.9983921723636495,3.594018393189624,4.722053545248105
10,2,52,6.88979954817447,3.0882012245259043,5.141756831453264
3,7,69,6.749860943557481,5.19491057001435,4.567552774515332
5,7,27,8.184415181793996,5.286225058511043,3.1651151192060354
10,5,16,7.793748924710519,3.9170886479778684,6.1169013601166204
1,6,93,7.295932965187,5.205985382915396,1.5594920757228223
7,8,17,5.290591614936374,4.079704609945496,4.136704281649214
10,7,71,8.741602040196954,8.094933108749256,4.294524058428343
3,1,96,7.177837246704425,5.169237515579877,6.407623503396787
5,2,3,5.4092289715057955,6.3577335264550525,2.7906163331809735
8,7,18,5.9853294103483465,4.815985200685723,4.290345912738501
4,7,66,6.84300982397255,5.090923396811768,4.2634428671437075
1,5,33,5.989764059286358,7.507959306103656,3.2807609692869053
6,3,98,5.984359545968456,4.3626929651109245,4.8464892375044535
5,3,39,6.400217770779395,3.0623390668728234,5.088747226466918
1,5,69,6.522230816560575,4.656958713019419,7.2817671752636395
3,5,95,6.053739319114284,6.388118213795533,5.153445866370937
4,4,5,7.632209076754337,7.3108780018586375,3.5773015631382368
2,2,80,7.647480645507479,2.8077934024625537,5.382979964937856
8,1,22,6.942869279584801,4.303366435682632,4.551218015484303
11,7,11,7.3404649569504,5.959243509876074,2.472912897146773
2,7,17,6.810283730301141,5.0427835986163645,5.609320912726334
4,1,3,4.739569999938308,3.0303953400856987,4.480851379946291
11,9,47,6.248926682034966,7.128098435531421,5.094248821803875
5,6,62,6.69293736002315,4.4075317909929455,5.380912781553202
11,3,47,7.455761416740434,4.596329831951639,6.595662297309592
2,9,33,6.903728736200328,3.184613188286452,5.61020049042665
8,5,24,7.543414323145608,9.529475464339509,2.991390073118996
5,5,62,7.668935547590667,6.958759763648983,8.119139390299672
1,1,2,6.686291990405939,4.372379008526887,3.9838447365779395
11,3,37,5.983493163616739,6.379916743164485,2.083950437347531
3,6,90,8.195547769416255,4.836256946558911,5.592692248765042
11,8,9,9.420556138182135,2.7943237916054966,3.551154171212363
8,8,48,7.433134131928468,1.9005859302421775,7.9704575382908915
5,2,92,6.498094416405609,5.324176288239209,6.301998840737423
1,4,1,6.570935202858936,5.500796326252556,5.068086719872851
3,3,36,7.963986931728235,2.969318880560175,6.875827075566589
7,1,27,7.16424093813916,3.7370972498003074,5.58965140934704
10,4,63,7.891063513097269,7.81442563915113,0.6638690658908377
3,3,53,8.373856454168706,6.358744151101314,6.568557983052971
5,3,23,6.456211984192555,7.187669777040915,5.771471206254547
10,3,32,6.513897775576468,6.588396224899938,6.271948726942449
10,4,2,7.881583383771389,5.2838627235027795,4.361739733581889
6,6,94,9.019642836792277,6.810854880669608,4.238282721255034
5,2,4,6.734326068300718,5.842064754963732,2.9572259893314135
11,8,4,5.923053953834153,7.93745100673836,5.350591280752106
5,6,99,8.068469458790078,6.904903173896132,3.6480189261276563
10,4,37,6.786666844755644,4.067413635438188,3.424893523835722
11,4,43,6.2020783888551545,4.639071786085013,3.4729977616775844
9,1,21,6.324000162232556,3.4649326183959612,9.79028801468958
2,7,6,6.744191955508383,5.720716523500335,5.513192607500809
6,4,89,8.293084527324817,5.146625387521889,3.139081563568216
8,7,84,5.058985446339619,4.816615591531139,4.574461266425286
1,6,55,6.122311048955569,4.957251148849759,7.709648845712705
11,2,4,5.234453637840082,5.217070388678288,2.386907622652604
2,4,84,7.190247135998884,6.175821549299861,7.022275596991435
11,4,24,6.761575522139048,5.399349448966342,5.337326601326032
4,8,49,5.94609858514089,4.508618901122574,3.1144864907890137
10,9,95,9.587206991711586,6.094607802632109,5.364292311335685
3,5,31,5.457911466107944,3.986198595486247,5.724070794016434
9,8,90,6.738825818698661,2.790800685801012,6.233306055391137
3,9,8,6.082974174080107,6.550974693776714,7.135853082754416
5,5,43,5.82449457693888,4.02385690003448,3.390530453810618
9,2,13,7.001805497448404,2.82374302475777,7.042850258382322
3,6,5,6.978307995891378,5.143649459952528,4.3955673919863
10,1,28,8.043527109589203,8.141380157048369,9.979791697712152
9,4,77,6.93867476329382,2.8376422072760947,4.792656429916272
8,7,75,9.375730807027626,4.793751684774111,2.7257945101415277
11,4,44,7.861560958202288,7.0350735518931105,4.947624625729713
9,1,54,6.6186930578486995,3.109030634363717,4.712310000209192
3,4,11,4.801161120497154,6.542723684131493,4.061732248340057
4,7,44,8.598648576899583,4.691818416303359,4.252551571673046
4,6,7,7.113926311633707,2.472683442795777,9.809692917247133
7,2,72,7.363900605353838,2.715774885885946,2.5837635803895607
1,8,1,7.829395855906548,6.15353838437485,5.089072346255409
11,4,52,8.189472571588672,4.154398727511287,0.47755787865354193
4,5,35,6.827054706254927,6.276450787994198,6.228476401172706
7,8,97,6.355710702726838,5.2359785338228,3.845439923732619
4,1,24,5.799591998993357,3.9675275225446285,8.142997096640622
10,4,65,6.41515574855755,1.422733965230706,6.141916405401207
7,6,72,5.305539424738692,3.8183971595297352,7.400931505093448
4,7,31,6.293676551995164,7.324468301348402,4.438733747338819
3,7,19,7.519602175016406,2.6610774073920855,8.185103150118774
3,8,33,7.15248174490948,4.106191109740422,7.113512475701032
3,5,3,7.9881324025336795,-1.701851199036903,7.6918979918341215
7,8,39,5.959471663588837,5.226844126903237,5.195421879933867
5,3,13,6.780509210652483,4.490950133796513,3.1754651126234945
7,1,65,5.440739890393777,7.893512258580358,6.338304374404953
1,2,73,7.97246537869389,5.148764611496827,5.5041129684289185
5,7,4,7.299485607723998,1.6744974040618725,5.005937261339501
10,6,14,5.622833498914746,5.594556336298764,9.12790810819131
3,5,91,6.672562574275646,5.068468843495375,4.651463729249819
2,9,4,6.063103417095873,2.845499156094464,3.327111137311678
7,8,71,7.624061904023218,7.881705870810853,5.506597466075995
2,9,7,6.1660924947732285,8.73033072395883,4.574902937624596
8,7,21,6.272261549824596,6.737127452787742,3.5455795322321757
6,2,59,7.154697604106336,3.696286468187882,-0.3272760438872355
7,5,3,6.877618755104538,5.21452334654479,6.11668142096722
2,9,86,5.581067523542146,8.850598614034721,5.82712868803244
11,6,48,5.405662115885342,7.994266982624708,2.003143012937265
7,2,53,8.608332264496514,7.521188051702073,1.887691038421488
7,7,59,7.359410414647677,7.397372315099938,4.734052207735748
7,3,83,9.226889073013773,5.344993120561492,2.7427046508085366
7,8,81,6.5858693471288685,3.4146042601885087,3.4892583637001504
3,6,58,7.230918437857885,6.636731832340795,3.96218769449911
6,8,44,7.261724620158899,4.201052809712201,-0.013394668144333544
3,7,34,4.947722689090416,6.144222134516592,5.006437728780907
3,7,70,7.587445234848474,3.9163683725102603,6.955818053870471
4,4,94,6.626302111052967,6.991726478845518,7.844943735276129
3,4,80,6.432002521573577,6.682793042285155,6.210694775142841
10,5,90,6.416641012381197,3.4191628043416857,4.338921523767199
4,5,25,7.278440440708295,2.0410411129634833,1.832820557310609
9,2,61,7.665863289181618,5.81545848147251,6.3002223646193745
6,4,65,8.503151546116577,4.709998889321878,5.387063663605434
5,6,62,7.848398604642844,3.0083985833397033,4.431938631077825
6,2,78,7.418561779051801,5.613716982468115,6.511412646997607
2,8,13,5.620665620273154,4.402376610471284,4.811996326649887
6,6,71,5.902994187607508,3.1883155456600916,4.606698290247561
9,5,50,7.852508508333567,4.055470870831807,8.473157037445034
3,3,4,7.192691430208473,3.112826012957602,8.189454415798354
10,1,33,8.204912150721093,6.62593633750423,5.687456291787729
10,9,50,8.139106603127757,3.2243707444757157,3.4385651844788523
6,8,14,7.007499243240754,8.267347160108654,2.140442812244192
7,2,76,6.278705342363272,3.2984398377847493,6.794453437281229
5,2,18,7.700404621993883,4.523590881152656,10.074338160872855
1,2,69,6.683565574012379,3.4955340096370646,4.288441522759861
9,8,88,6.504093693667693,8.540303384866203,9.122255422122045
11,5,48,6.512990855191116,0.34717021173496665,4.074917535820789
6,9,75,6.2898658992731376,7.796257072751187,6.299655080790192
6,7,39,6.95978622398138,7.284081765250988,3.733280733250799
6,2,49,6.117735650961083,6.901853769711022,5.84145901483755
2,3,37,7.58348474217763,6.49204357622782,5.287633865913805
1,9,94,7.278763700115379,4.0675484958162915,6.049375989157119
1,5,26,6.52287222015674,7.430012742446902,6.091506026049476
1,8,36,7.299267134272053,5.1395763128289715,2.759128749940188
1,9,72,6.180028223915053,4.991942978826738,4.7480994899053695
11,9,65,7.0685144870536005,6.529113187812675,8.93170809561251
1,4,65,7.989140399981652,5.562235265501572,7.777774552058473
11,3,9,9.53924908835971,8.125260337986655,3.186426975013307
8,6,68,6.315665475418739,1.2894918946797342,4.106840430686754
7,7,7,9.092813579906547,2.301589447600926,2.8644677292683265
4,5,8,6.907181737801272,1.3612150449244904,3.518562045593119
6,6,52,7.82049959170333,7.569661134008591,4.133748802263353
5,8,78,5.763973993630486,3.7888750527806723,7.425194399608399
4,1,83,6.857465144209676,6.221078748889584,7.463415821722686
5,4,18,6.018467678471401,5.574237853358858,4.469079402365068
6,6,4,7.48828335557941,1.540353833217952,6.713065375475943
11,6,9,8.116173174250976,7.140953626849351,4.59753104094952
2,8,48,5.933299084129007,2.95265033766306,3.4678421437788
4,9,44,7.849976266236866,3.272575298816709,2.828294179531523
7,1,62,5.396774037544602,5.13940776703209,4.7273734161731475
8,3,4,7.842669983770791,3.4582536248409217,2.325439116955856
5,7,45,6.77698258643179,6.412951928097138,2.2877324004390904
1,6,76,7.6306150355631015,4.814997303031392,6.53753552066676
1,2,50,7.128282897662764,6.311192739008542,5.298983132124302
8,6,51,6.855105535653187,6.66228977467142,5.425309792425445
11,2,11,6.9534404624428685,6.393513477332903,1.4342796730710354
4,3,44,7.758585431036652,2.2014197235101705,3.655718969893603
4,4,80,5.822975796921121,6.172592754618544,6.166687735390719
1,1,92,5.703038507183145,5.880712888752209,9.797914378326272
1,4,63,9.070670743571794,3.630227855181216,4.8292524954633755
10,1,83,7.665801418972297,3.3273319352348385,6.098577299321242
5,2,63,6.732905489232577,3.1097493609186184,2.747460858061948
5,3,36,7.458008368810998,0.8019981264914549,3.65540515403384
6,3,86,7.807281058709321,5.676033489174915,3.7745215923400157
9,4,29,5.409565518772126,7.322166183968468,6.821264591969719
9,5,60,7.396779189346478,6.674943759541199,4.833552401753612
1,6,98,8.129495188580645,5.5474756151377225,4.775602335725954
2,9,90,7.248392487814522,3.0348545149575585,7.584885130495479
6,6,75,6.376934130580645,6.601623116470758,4.808538683703662
10,2,2,5.87570166095674,6.270495425995604,6.540786763094859
10,7,22,7.087329634218463,2.7508170428028205,4.766585350306493
7,2,26,6.870847596140615,5.298567933744128,8.668556437978422
2,7,11,5.224815800553941,4.09549588215868,7.603209667150939
5,2,42,7.084987051395759,5.573922992658438,5.358700079556845
1,6,14,7.911737684751896,8.147516928434495,3.6961216699000516
5,7,52,6.744810070173659,6.12871926979682,8.321252404295633
8,3,67,6.5659099822024505,7.008241304075302,6.130776966434547
8,3,83,7.230227798662373,7.025372007312733,6.418235361174226
8,3,85,7.629301051195626,2.7254193234891657,3.7584784002549174
7,9,8,7.530788870705162,4.8881612528982314,6.80818194453569
3,7,41,7.293483099067938,-2.906508957054598,4.2251601506692715
7,4,57,6.310778067878357,0.9527450432600775,7.7822329400605526
1,5,86,6.330442826885185,3.0221075819772425,1.1987416403833553
3,2,38,5.865343994877043,6.597197184504303,4.921981006191226
8,7,47,6.221860633633513,4.329521270987136,3.6957295710053586
8,7,84,7.514178098732165,4.6295679735551545,4.861573911050347
11,9,91,4.734667412738514,4.598168849551489,6.558729573682506
3,9,56,8.236217945537227,3.100053526517267,7.617084837373543
7,9,7,5.777118608432058,6.864964838094785,4.102423886741496
2,6,1,7.924507921367271,5.175019356748831,4.579497976204716
4,3,9,7.9983559920997624,6.2860753581583655,4.641557319420113
8,3,86,7.408356147405504,5.274194040521294,6.699130159430924
1,6,38,7.164917618446152,3.7491349356685224,1.6341226261073944
6,6,68,7.787615389460424,6.338675765035956,6.901340425905782
5,5,47,6.628342754444487,3.6955735402185357,10.296023956610249
6,2,42,5.722108928116559,3.046186795282389,7.745813331683692
6,2,93,6.487232612487898,3.9735746647939183,4.757129981491752
4,9,64,6.83516282066863,5.319675135440909,8.611889122877086
9,9,58,7.95143737410158,4.696806859352376,2.949428023534237
1,4,40,8.319331989302677,3.1805902301312363,2.582026296279245
2,1,66,7.474468665269786,3.57566007968117,7.4058780850000865
6,3,52,7.335415382721656,7.498023384118521,2.562208335238531
5,4,62,7.719898900624826,6.196696408483959,3.6880583888107603
2,7,70,6.652479524240031,6.371033752154564,6.11773040802195
6,5,59,7.375630763527044,2.737811279355683,6.405310386941804
1,8,92,6.117977345944465,-0.19103163403353207,8.34742344344947
7,6,96,8.044581418305329,4.991981353041405,0.03378042969676098
9,6,41,6.365149033645705,5.948913612650544,6.595988691987215
9,4,74,7.023307428876426,3.1111708100008695,4.393613990446095
7,9,54,5.910404450656704,6.862291718388335,3.5802918004129234
4,8,8,7.3584180975644395,6.112810920129054,7.934067468254176
5,2,48,6.15523906801536,10.698700345481102,5.328971153688593
5,8,70,7.979438883060499,4.55532105954336,3.0215655826073644
11,6,42,7.5152921649143405,2.678797397228541,7.448546632088733
11,5,29,6.215980434984765,5.40070286817103,5.214362841419041
4,1,86,6.548767239770257,6.597455017046914,7.0376411319312
7,6,12,6.605239614802919,7.548423716499013,2.9825470680378943
6,8,4,8.012775183925243,3.993060855370428,5.704399697896098
11,9,19,7.543415509474546,5.715669700283644,4.56707283072909
10,2,36,6.928236248922051,5.940286118981628,5.096582703299064
9,7,47,6.171467001768834,3.100759485250263,2.6435019580168078
2,7,18,6.917799752748089,2.4600290488076215,6.068192035370284
4,1,28,8.260127724375824,4.0535988124178255,4.097704842461829
9,3,55,7.936049623117912,6.16499845388709,4.368947808203878
11,9,74,8.86119186661211,9.715964798393472,8.4524011654358
2,7,20,6.700025825452748,8.035628130692645,10.31046140722123
6,7,72,7.841578601425375,7.74570815940263,6.437535704360137
9,4,72,6.781721832929314,2.6852800394727407,-1.3339092163915662
1,5,44,6.2426034527199405,4.99238193806044,6.103798722775636
4,5,45,7.928672777324353,4.202942521571425,5.252961255397459
8,5,47,8.77855763166802,4.527626096806236,5.538336176652766
2,2,35,6.777093315055807,6.035351603634502,6.084177168234758
8,5,34,8.60528079416399,4.704007886927285,5.545679886424017
9,4,75,9.751285794532201,6.171221747738311,6.468895804389586
1,9,70,7.436710401324263,8.205986783060613,6.4039915392913604
8,3,93,7.9796141535627925,5.90298476051447,7.892743495870681
6,2,47,6.919295620151018,3.88219757492557,2.819012997848419
11,8,33,7.155629550230423,4.634831508464443,1.0985705086248587
10,9,84,7.23410673928314,1.5653520120203024,1.925138562319031
10,4,40,5.660238143736549,1.6298059758453616,5.843783220415818
7,4,31,9.558763308830878,3.2707519166437966,5.444344990684671
9,1,96,7.324421447918051,4.28764927060824,4.04368698067077
8,8,48,6.36747542027545,6.239127873762536,1.7848065073061798
6,8,2,6.274733251797767,2.2702544739748447,4.8508745946601
10,6,33,8.290840252541095,5.966679801297637,4.041748925778728
2,4,64,6.242473827067174,5.829343803758639,4.875714707213881
1,8,46,8.031370668267328,3.588470431008882,9.47614248563396
1,9,56,8.24849127840475,3.8130686319178806,4.2098802146445236
6,6,65,6.213020393114986,2.0453816049242874,2.667681799435206
7,6,86,5.093806013713513,-0.5160853506444196,6.202486434697845
4,2,23,6.472266036994068,2.177837366355559,4.419125275189495
7,8,28,6.022089713560808,2.4540663880567264,0.4055137295469988
2,7,6,7.473351814325773,5.904357203682543,4.751217385230965
8,2,36,7.87490759969179,4.388219461902789,5.879749425483964
8,9,36,7.5775751356994245,4.509798796595428,5.241084002235305
11,2,68,6.8112728872266874,6.972414618633069,4.978463472091201
1,3,29,4.817013989044275,2.6086363597490783,5.000908119276622
8,1,92,5.5517849417272505,0.764275295641692,6.969765201024368
7,3,10,6.217911151565014,2.953790283088511,4.809721211686978
1,5,44,6.052519462208862,7.355268383158213,5.461530975503184
5,5,4,5.898134614891093,2.6320499541563627,6.110947038876993
3,9,12,7.77623378583701,2.9419998148858233,2.0855231233216176
8,5,52,6.7850247785467985,5.407612616079141,6.829991367267159
6,8,87,8.688789057323993,5.533800791429115,5.266434163652013
3,6,5,6.832206817265942,1.306495082647515,5.4221941434811605
9,3,30,6.245386604558835,5.903848583175182,4.952014629527158
11,4,61,6.619994772194714,4.811640964850827,6.142987698984964
6,1,45,7.298799142067718,4.656695918918434,5.765052202460321
7,8,3,5.634482503694555,3.994049906691218,8.03500268139212
7,7,95,7.011690906704992,6.5422630744697745,6.244132807252901
5,9,70,7.088396399409228,7.992847519876173,5.605987269006742
2,2,48,7.777030585321726,4.798391692034442,5.770273884711698
6,8,77,7.215846791231816,8.225260745081098,6.643184087231651
5,7,18,5.77639722976018,6.376350613012454,5.1831511352028965
6,9,80,8.228602472888193,3.015180547902548,3.7065116209787883
6,5,57,6.1935902489615895,3.7633913221934745,3.520758308243778
7,4,42,8.103915477532661,2.705392651204831,6.832127585943597
4,6,25,7.82904031712207,5.713388461144443,5.714710708791496
9,3,86,7.83820232727431,7.426119509588201,5.509762792272652
2,1,4,6.966962845449563,5.276316832075745,2.8488951706240355
5,2,61,7.3918360332112165,8.346955269846102,4.68487700129949
3,5,47,6.892050924587571,7.439271055759663,7.24004731060795
10,1,32,7.709967655169225,3.106610115156851,6.6443110040622795
8,6,71,7.087198422206619,2.265509306367662,4.319857684997196
5,9,52,7.75481147385057,6.056753951057076,5.379544535333434
2,4,98,7.416694224244468,4.7318951568102365,6.100167182643652
9,2,48,6.236250282892357,3.7844504809997006,4.306704244526855
3,6,12,4.987377737512725,5.306120251800078,6.508514489624032
4,1,63,6.797479686259832,2.957459771472603,8.180463277604856
4,9,9,7.416876082560887,4.298423975579536,6.054857549711025
5,2,63,5.959774960588128,5.547959244246106,5.470765158498081
2,7,4,7.6995557190752715,2.9111087570454655,0.16633705024978163
11,8,56,6.108094700796998,6.1494623328330436,3.856641000321032
7,2,55,7.25988027126443,0.8072573233391536,3.9660860977969135
3,5,42,8.355946491548886,4.521841846589592,3.443377187391131
6,9,55,7.569126220310879,9.736724347637972,3.2595145520464666
5,7,26,7.338798252308466,4.749626528125916,8.059078575744053
11,8,7,7.066608416978029,4.825156066014246,4.158835698706038
11,6,72,7.283705940581479,5.718858880848851,7.350135794687002
10,8,64,6.919115713754926,1.2742086599184548,5.243620677978164
2,9,94,6.229180493834389,3.515514164291362,4.283435056822616
6,6,70,7.02783364520875,1.9733734925425002,2.668021430416921
10,2,39,8.156804282909388,5.871303678194714,5.881989759594821
5,5,68,7.418428290254382,4.176737046186838,7.043970170987564
6,8,8,7.07473323059988,3.3032450065842167,4.490079342042588
8,9,44,8.003341145516165,5.542374220739878,7.232553168137127
5,8,24,9.045123322433996,5.523194984363589,7.727792440288754
5,8,89,6.182738604552344,4.8121639662887725,3.4244477582030157
3,1,30,7.650028449580265,4.344827230996233,4.361150709717544
3,7,52,5.6726685606184315,2.5525332397102796,5.089369927947368
2,4,18,8.531881582103992,5.198565219797625,2.9657448060051865
4,8,57,7.715480166572759,1.1017670226016474,4.496761807514796
1,3,44,6.559769296756599,6.45355265641228,5.625468878985178
2,7,34,7.629302286918239,4.77916476947574,6.092617812484637
10,4,49,7.664946981128951,5.603794939003278,3.0801022118754386
2,6,79,6.208548934228386,7.449749689309474,4.336774490980729
7,9,43,7.122920550247328,7.375544661007467,5.2905993081487175
10,6,81,5.594104569506619,3.4282678033497307,4.068891759894084
9,1,2,5.984251097733181,2.6837452576602083,7.764036233340361
7,7,54,7.481991217849557,5.614805110085933,6.438654116637663
4,2,65,8.316791948255052,6.308117272695384,3.605851710747858
1,5,57,6.461833097662112,1.4013572125113969,9.083587821679052
8,8,16,5.986247341388582,2.894397235422679,4.419638552686616
11,6,81,5.699675357261541,7.345682580094913,3.2666419291908797
4,3,73,7.646032581709478,4.636179216165999,6.1028117490065625
11,7,21,6.260692441611538,6.625791186734028,9.776891112990882
11,5,62,6.201536433523009,4.209224436045497,3.0193560942281272
3,8,64,6.092265063561577,4.035555027079289,3.4419609489334864
6,4,55,5.610081291568962,3.762664114198676,4.195291810073796
10,7,44,6.958870327207339,3.5999039997207083,4.638504678933155
8,8,26,6.36446697374612,3.6272200711245457,2.8559463240039884
4,1,1,7.829699114390925,0.4446454480875772,7.69752807520619
5,7,50,6.037488561459609,6.422753924889211,5.708422188513649
8,5,40,8.41178709694838,5.137315932983748,1.233627198034994
7,3,3,8.70705182528448,2.461704637424461,7.160855766666158
8,4,71,6.3782885254273705,5.554318518447325,7.182700866604492
4,3,4,6.378111463803861,2.483754588961873,9.097471703415263
7,1,31,7.803396124898416,4.660809398271045,2.0070214251555765
10,6,14,6.767913599260811,7.635673304044901,4.3054561281848756
4,9,21,5.740159885057411,8.737548776479645,5.005561444710128
8,2,76,7.7619917131285145,3.8622216875891446,5.5290669466186895
2,1,12,6.37705394077549,5.31744940504629,3.1866279035115683
4,6,6,6.499632465526013,3.135797129152643,2.6552372240280495
11,3,17,6.043638057756858,2.3160091687285678,9.75581337714458
8,2,78,8.403419654348781,5.365274972367627,3.1073713497160877
9,4,63,7.420771436681065,6.423389004995625,7.996655228021434
9,1,9,7.56135139113548,4.964018608761727,3.5881227883126456
5,7,28,7.946343259444806,7.785456674842157,2.242762121498924
6,1,7,6.669184983511051,4.209508631286365,4.155638026834162
4,8,43,8.540523725151836,0.050330157869018066,2.1406139833842075
